{"items":[{"key":"TaptoStart","value":"轻触屏幕开始"},{"key":"Setting","value":"设置"},{"key":"Music","value":"音乐"},{"key":"Sound","value":"音效"},{"key":"Tutorial","value":"教程"},{"key":"TaptoContinue","value":"轻触屏幕继续"},{"key":"Skip","value":"跳过>>"},{"key":"Text","value":"文本"},{"key":"Target","value":"任务"},{"key":"TextTutorial","value":"找到\n<color=\"#ff0000ff\">文本颜色</color>与<color=\"#ff0000ff\">文本描述</color>\n相符的"},{"key":"Border","value":"边框"},{"key":"BorderTutorial","value":"找到\n<color=\"#00ff00ff\">边框颜色</color>与<color=\"#00ff00ff\">文本描述</color>\n相符的"},{"key":"Rect","value":"底色"},{"key":"RectTutorial","value":"找到\n<color=\"#0000ffff\">底色</color>与<color=\"#0000ffff\">文本描述</color>\n相符的"},{"key":"Great","value":"太棒了!"},{"key":"Time","value":"时间"},{"key":"Stage","value":"关卡"},{"key":"Score","value":"得分"},{"key":"Pause","value":"暂停"},{"key":"Resume","value":"回到游戏"},{"key":"Home","value":"主界面"},{"key":"StageClear","value":"恭喜通关"},{"key":"StageTime","value":"关卡用时"},{"key":"StageScore","value":"关卡得分"},{"key":"FinalScore","value":"最终得分"},{"key":"BestScore","value":"最高得分"},{"key":"NextStage","value":"继续挑战"},{"key":"MoreGame","value":"更多游戏"},{"key":"GameOver","value":"游戏结束"},{"key":"Restart","value":"重新开始"},{"key":"Black","value":"黑色"},{"key":"Blue","value":"蓝色"},{"key":"Green","value":"绿色"},{"key":"Orange","value":"橙色"},{"key":"Pink","value":"粉色"},{"key":"Purple","value":"紫色"},{"key":"Red","value":"红色"},{"key":"White","value":"白色"},{"key":"Yellow","value":"黄色"},{"key":"LikeText","value":"有喜欢我们的游戏么?"},{"key":"LikeConfirm","value":"喜欢"},{"key":"LikeCancel","value":"不喜欢"},{"key":"AdviseText","value":"愿意帮我们改进一下么?"},{"key":"AdviseConfirm","value":"好的"},{"key":"AdviseCancel","value":"不了"},{"key":"RateText","value":"愿意评价一下我们的游戏么?"},{"key":"RateConfirm","value":"好的"},{"key":"RateCancel","value":"不了"},{"key":"InterstitialConfirm","value":"立即获得"}]}
